community;geoid
Alb-Donau-Kreis;8425
Altenburger Land;16077
Altmarkkreis Salzwedel;15081
Amberg;9361
Amberg-Sulzbach;9371
Ammerland;3451
Anhalt-Bitterfeld;15082
Ansbach;9561
Aschaffenburg;9661
Augsburg;9761
Baden-Baden;8211
Bamberg;9461
Bayreuth;9462
Berchtesgadener Land;9172
Bergstraße;6431
Berlin, Stadt;11000
Bielefeld, Stadt;5711
Bochum, Stadt;5911
Bodenseekreis;8435
Bonn, Stadt;5314
Borken;5554
Bottrop, Stadt;5512
Bremerhaven, Stadt;4012
Burgenlandkreis;15084
Böblingen;8115
Börde;15083
Calw;8235
Cham;9372
Chemnitz, Stadt;14511
Cloppenburg;3453
Coburg;9463
Coesfeld;5558
Darmstadt, Wissenschaftsstadt;6411
Darmstadt-Dieburg;6432
Delmenhorst, Stadt;3401
Dessau-Roßlau;15001
Dingolfing-Landau;9279
Donnersbergkreis;7333
Dortmund, Stadt;5913
Duisburg, Stadt;5112
Düren;5358
Düsseldorf, Stadt;5111
Eichsfeld;16061
Eichstätt;9176
Eifelkreis Bitburg-Prüm;7232
Eisenach, Stadt;16056
Emden, Stadt;3402
Emmendingen;8316
Ennepe-Ruhr-Kreis;5954
Enzkreis;8236
Erding;9177
Erfurt, Stadt;16051
Erzgebirgskreis;14521
Essen, Stadt;5113
Esslingen;8116
Euskirchen;5366
Frankenthal (Pfalz), kreisfreie Stadt;7311
Frankfurt (Oder);12053
Frankfurt am Main, Stadt;6412
Freiburg im Breisgau;8311
Freudenstadt;8237
Freyung-Grafenau;9272
Friesland;3455
Fulda;6631
Fürstenfeldbruck;9179
Fürth;9563
Gelsenkirchen, Stadt;5513
Gera, Stadt;16052
Gießen;6531
Groß-Gerau;6433
Göppingen;8117
Gütersloh;5754
Hagen, Stadt;5914
Hamburg, Freie und Hansestadt;2000
Hameln-Pyrmont;3252
Hamm, Stadt;5915
Heidelberg;8221
Heilbronn;8121
Herford;5758
Herne, Stadt;5916
Hersfeld-Rotenburg;6632
Hochsauerlandkreis;5958
Hochtaunuskreis;6434
Hof;9464
Hohenlohekreis;8126
Höxter;5762
Ilm-Kreis;16070
Ingolstadt;9161
Jena, Stadt;16053
Jerichower Land;15086
Kaiserslautern, kreisfreie Stadt;7312
Karlsruhe;8215
Kassel;6633
Kassel, documenta-Stadt;6611
Kaufbeuren;9762
Kempten (Allgäu);9763
Kleve;5154
Koblenz, kreisfreie Stadt;7111
Konstanz;8335
Krefeld, Stadt;5114
Kreis Dithmarschen;1051
Kreis Heinsberg;5370
Kreis Herzogtum Lauenburg;1053
Kreis Nordfriesland;1054
Kreis Ostholstein;1055
Kreis Pinneberg;1056
Kreis Plön;1057
Kreis Rendsburg-Eckernförde;1058
Kreis Schleswig-Flensburg;1059
Kreis Segeberg;1060
Kreis Steinburg;1061
Kreis Stormarn;1062
Kreisfreie Stadt Brandenburg an der Havel;12051
Kreisfreie Stadt Braunschweig;3101
Kreisfreie Stadt Bremen;4011
Kreisfreie Stadt Cottbus;12052
Kreisfreie Stadt Dresden;14612
Kreisfreie Stadt Erlangen;9562
Kreisfreie Stadt Flensburg;1001
Kreisfreie Stadt Halle;15002
Kreisfreie Stadt Kiel;1002
Kreisfreie Stadt Landshut;9261
Kreisfreie Stadt Leipzig;14713
Kreisfreie Stadt Neumünster;1004
Kreisfreie Stadt Potsdam;12054
Kreisfreie Stadt Rostock;13072
Kyffhäuserkreis;16065
Köln, Stadt;5315
Lahn-Dill-Kreis;6532
Landeshauptstadt Magdeburg;15003
Landkreis Ahrweiler;7131
Landkreis Aichach-Friedberg;9771
Landkreis Altenkirchen;7132
Landkreis Altötting;9171
Landkreis Alzey-Worms;7331
Landkreis Ansbach;9571
Landkreis Aschaffenburg;9671
Landkreis Augsburg;9772
Landkreis Aurich;3452
Landkreis Bad Dürkheim;7332
Landkreis Bad Kissingen;9672
Landkreis Bad Kreuznach;7133
Landkreis Bad Tölz-Wolfratshausen;9173
Landkreis Barnim;12060
Landkreis Bautzen;14625
Landkreis Bayreuth;9472
Landkreis Bernkastel-Wittlich;7231
Landkreis Biberach;8426
Landkreis Birkenfeld;7134
Landkreis Breisgau-Hochschwarzwald;8315
Landkreis Celle;3351
Landkreis Coburg;9473
Landkreis Cochem-Zell;7135
Landkreis Cuxhaven;3352
Landkreis Dachau;9174
Landkreis Dahme-Spreewald;12061
Landkreis Deggendorf;9271
Landkreis Diepholz;3251
Landkreis Dillingen an der Donau;9773
Landkreis Donau-Ries;9779
Landkreis Ebersberg;9175
Landkreis Elbe-Elster;12062
Landkreis Emsland;3454
Landkreis Erlangen-Höchstadt;9572
Landkreis Forchheim;9474
Landkreis Freising;9178
Landkreis Fürth;9573
Landkreis Garmisch-Partenkirchen;9180
Landkreis Germersheim;7334
Landkreis Gifhorn;3151
Landkreis Goslar;3153
Landkreis Gotha;16067
Landkreis Grafschaft Bentheim;3456
Landkreis Greiz;16076
Landkreis Görlitz;14626
Landkreis Göttingen;3152
Landkreis Günzburg;9774
Landkreis Harburg;3353
Landkreis Harz;15085
Landkreis Havelland;12063
Landkreis Haßberge;9674
Landkreis Heidekreis;3358
Landkreis Heidenheim;8135
Landkreis Heilbronn;8125
Landkreis Helmstedt;3154
Landkreis Hildburghausen;16069
Landkreis Hildesheim;3254
Landkreis Hof;9475
Landkreis Holzminden;3255
Landkreis Kaiserslautern;7335
Landkreis Kelheim;9273
Landkreis Kitzingen;9675
Landkreis Kronach;9476
Landkreis Kulmbach;9477
Landkreis Kusel;7336
Landkreis Landsberg am Lech;9181
Landkreis Leer;3457
Landkreis Leipzig;14729
Landkreis Lichtenfels;9478
Landkreis Lindau;9776
Landkreis Lörrach;8336
Landkreis Lüneburg;3355
Landkreis Mainz-Bingen;7339
Landkreis Mayen-Koblenz;7137
Landkreis Meißen;14627
Landkreis Miltenberg;9676
Landkreis Mittelsachsen;14522
Landkreis Märkisch-Oderland;12064
Landkreis Mühldorf am Inn;9183
Landkreis München;9184
Landkreis Neumarkt in der Oberpfalz;9373
Landkreis Neustadt an der Aisch-Bad Windsheim;9575
Landkreis Neustadt an der Waldnaab;9374
Landkreis Neuwied;7138
Landkreis Nienburg/Weser;3256
Landkreis Nordhausen;16062
Landkreis Nordsachsen;14730
Landkreis Oberallgäu;9780
Landkreis Oberhavel;12065
Landkreis Oberspreewald-Lausitz;12066
Landkreis Oder-Spree;12067
Landkreis Oldenburg;3458
Landkreis Osnabrück;3404
Landkreis Ostallgäu;9777
Landkreis Osterholz;3356
Landkreis Ostprignitz-Ruppin;12068
Landkreis Passau;9262
Landkreis Pfaffenhofen an der Ilm;9186
Landkreis Potsdam-Mittelmark;12069
Landkreis Prignitz;12070
Landkreis Ravensburg;8436
Landkreis Regen;9276
Landkreis Regensburg;9375
Landkreis Rhön-Grabfeld;9673
Landkreis Rosenheim;9187
Landkreis Rostock;13072
Landkreis Roth;9576
Landkreis Rottal-Inn;9277
Landkreis Schaumburg;3257
Landkreis Schmalkalden-Meiningen;16066
Landkreis Schwandorf;9376
Landkreis Schweinfurt;9678
Landkreis Sigmaringen;8437
Landkreis Sonneberg;16072
Landkreis Spree-Neiße;12071
Landkreis Stade;3359
Landkreis Stendal;15090
Landkreis Straubing-Bogen;9278
Landkreis Sächsische Schweiz;14628
Landkreis Sömmerda;16068
Landkreis Südliche Weinstraße;7337
Landkreis Teltow-Fläming;12072
Landkreis Tirschenreuth;9377
Landkreis Traunstein;9189
Landkreis Trier-Saarburg;7235
Landkreis Tuttlingen;8327
Landkreis Uckermark;12073
Landkreis Unterallgäu;9778
Landkreis Verden;3361
Landkreis Waldeck-Frankenberg;6635
Landkreis Waldshut;8337
Landkreis Weilheim-Schongau;9190
Landkreis Weißenburg-Gunzenhausen;9577
Landkreis Wittenberg;15091
Landkreis Wittmund;3462
Landkreis Wolfenbüttel;3158
Landkreis Würzburg;9679
Landshut;9274
Leverkusen, Stadt;5316
Limburg-Weilburg;6533
Lippe;5766
Ludwigsburg;8118
Ludwigshafen am Rhein, kreisfreie Stadt;7314
Ludwigslust-Parchim;13076
Lübeck, Hansestadt;1003
Lüchow-Dannenberg;3354
Main-Kinzig-Kreis;6435
Main-Spessart;9677
Main-Tauber-Kreis;8128
Main-Taunus-Kreis;6436
Mainz, kreisfreie Stadt;7315
Mannheim;8222
Mansfeld-Südharz;15087
Marburg-Biedenkopf;6534
Mecklenburgische Seenplatte;13071
Memmingen;9764
Merzig-Wadern;10042
Mettmann;5158
Miesbach;9182
Minden-Lübbecke;5770
Märkischer Kreis;5962
Mönchengladbach, Stadt;5116
Mülheim an der Ruhr, Stadt;5117
München;9162
Münster, Stadt;5515
Neckar-Odenwald-Kreis;8225
Neu-Ulm;9775
Neuburg-Schrobenhausen;9185
Neunkirchen;10043
Neustadt an der Weinstraße, kreisfreie Stadt;7316
Nordwestmecklenburg;13074
Northeim;3155
Nürnberg;9564
Nürnberger Land;9574
Oberbergischer Kreis;5374
Oberhausen, Stadt;5119
Odenwaldkreis;6437
Offenbach;6438
Offenbach am Main, Stadt;6413
Oldenburg (Oldenburg), Stadt;3403
Olpe;5966
Ortenaukreis;8317
Osnabrück, Stadt;3459
Ostalbkreis;8136
Paderborn;5774
Passau;9275
Peine;3157
Pforzheim;8231
Pirmasens, kreisfreie Stadt;7317
Rastatt;8216
Recklinghausen;5562
Regensburg;9362
Region Hannover;3241
Regionalverband Saarbrücken;10041
Rems-Murr-Kreis;8119
Remscheid, Stadt;5120
Reutlingen;8415
Rhein-Erft-Kreis;5362
Rhein-Hunsrück-Kreis;7140
Rhein-Kreis Neuss;5162
Rhein-Lahn-Kreis;7141
Rhein-Neckar-Kreis;8226
Rhein-Pfalz-Kreis;7338
Rhein-Sieg-Kreis;5382
Rheingau-Taunus-Kreis;6439
Rheinisch-Bergischer Kreis;5378
Rosenheim;9163
Rotenburg (Wümme);3357
Rottweil;8325
Saale-Holzland-Kreis;16074
Saale-Orla-Kreis;16075
Saalekreis;15088
Saalfeld-Rudolstadt;16073
Saarlouis;10044
Saarpfalz-Kreis;10045
Salzgitter, Stadt;3102
Salzlandkreis;15089
Schwalm-Eder-Kreis;6634
Schwarzwald-Baar-Kreis;8326
Schweinfurt;9662
Schwerin;13004
Schwäbisch Hall;8127
Siegen-Wittgenstein;5970
Soest;5974
Solingen, Stadt;5122
Speyer, kreisfreie Stadt;7318
St. Wendel;10046
Starnberg;9188
Steinfurt;5566
Straubing;9263
Stuttgart;8111
Städteregion Aachen;5334
Suhl, Stadt;16054
Südwestpfalz;7340
Trier, kreisfreie Stadt;7211
Tübingen;8416
Uelzen;3360
Ulm;8421
Unna;5978
Unstrut-Hainich-Kreis;16064
Vechta;3460
Viersen;5166
Vogelsbergkreis;6535
Vogtlandkreis;14523
Vorpommern-Greifswald;13075
Vorpommern-Rügen;13073
Vulkaneifel;7233
Warendorf;5570
Wartburgkreis;16063
Weiden i.d.OPf.;9363
Weimar, Stadt;16055
Weimarer Land;16071
Werra-Meißner-Kreis;6636
Wesel;5170
Wesermarsch;3461
Westerwaldkreis;7143
Wetteraukreis;6440
Wiesbaden, Landeshauptstadt;6414
Wilhelmshaven, Stadt;3405
Wolfsburg, Stadt;3103
Worms, kreisfreie Stadt;7319
Wunsiedel i.Fichtelgebirge;9479
Wuppertal, Stadt;5124
Würzburg;9663
Zollernalbkreis;8417
Zweibrücken, kreisfreie Stadt;7320
Zwickau;14524
