statisticalAreaCode,statisticalArea,area,country_code
DE11,Stuttgart,10558.00,DE
DE12,Karlsruhe,6919.00,DE
DE13,Freiburg,9357.00,DE
DE14,Tübingen,8918.00,DE
DE21,Oberbayern,17530.00,DE
DE22,Niederbayern,10329.00,DE
DE23,Oberpfalz,9690.00,DE
DE24,Oberfranken,7232.00,DE
DE25,Mittelfranken,7245.00,DE
DE26,Unterfranken,8531.00,DE
DE27,Schwaben,9994.00,DE
DE30,Berlin,892,DE
DE40,Brandenburg,29484.00,DE
DE50,Bremen,419,DE
DE60,Hamburg,755,DE
DE71+DE72,Darmstadt and Gießen,12826.00,DE
DE73,Kassel,8289.00,DE
DE80,Mecklenburg-Vorpommern,23194.00,DE
DE91+DE92,Braunschweig und Hannover,17148.00,DE
DE93,Lüneburg,15495.00,DE
DE94,Weser-Ems,14971.00,DE
DEA1,Düsseldorf,5291.00,DE
DEA2,Köln,7365.00,DE
DEA3,Münster,6911.00,DE
DEA4,Detmold,6523.00,DE
DEA5,Arnsberg,8008.00,DE
DEB1,Koblenz,8073.00,DE
DEB2,Trier,4924.00,DE
DEB3,Rheinhessen-Pfalz,6851.00,DE
DEC0,Saarland,2569.00,DE
DED2,Dresden,7931.00,DE
DED4,Chemnitz,6524.00,DE
DED5,Leipzig,3965.00,DE
DEE0,Sachsen-Anhalt,20450.00,DE
DEF0,Schleswig-Holstein,15800.00,DE
DEG0,Thüringen,16173.00,DE
UKH2,Bedfordshire and Hertfordshire,2879,UK
UKJ1,Berkshire Buckinghamshire and Oxfordshire,5744,UK
UKD6,Cheshire,2277,UK
UKK3,Cornwall and Isles of Scilly,3601,UK
UKD1,Cumbria,7002,UK
UKF1,Derbyshire and Nottinghamshire,4789,UK
UKK4,Devon,6775,UK
UKK2,Dorset and Somerset,6157,UK
UKH1,East Anglia,12670,UK
UKL2,East Wales,7716,UK
UKE1,East Yorkshire and Northern Lincolnshire,3586,UK
UKM7,Eastern Scotland,13389,UK
UKH3,Essex,3813,UK
UKK1,Gloucestershire Wiltshire and Bath/Bristol area,7588,UK
UKD3,Greater Manchester,1276,UK
UKJ3,Hampshire and Isle of Wight,4199,UK
UKG1,Herefordshire Worcestershire and Warwickshire,5899,UK
UKM6,Highlands and Islands,41510,UK
UKI4,Inner London - East,213,UK
UKI3,Inner London - West,111,UK
UKJ4,Kent,3824,UK
UKD4,Lancashire,3170,UK
UKF2,Leicestershire Rutland and Northamptonshire,4918,UK
UKF3,Lincolnshire,6020,UK
UKD7,Merseyside,817,UK
UKM5,North Eastern Scotland,6524,UK
UKE2,North Yorkshire,8319,UK
UKN0,Northern Ireland,14233,UK
UKC2,Northumberland and Tyne and Wear,5598,UK
UKI5,Outer London - East and North East,439,UK
UKI6,Outer London - South,355,UK
UKI7,Outer London - West and North West,466,UK
UKG2,Shropshire and Staffordshire,6204,UK
UKE3,South Yorkshire,1552,UK
UKM9,Southern Scotland,15885,UK
UKJ2,Surrey East and West Sussex,5481,UK
UKC1,Tees Valley and Durham,3037,UK
UKM8,West Central Scotland,1978,UK
UKG3,West Midlands,902,UK
UKL1,West Wales and The Valleys,13287,UK
UKE4,West Yorkshire,2030,UK
FRK21,Ain,5762.00,FR
FRE21,Aisne,7362.00,FR
FRK11,Allier,7340.00,FR
FRL01,Alpes-de-Haute-Provence,6925.00,FR
FRL02,Hautes-Alpes,5549.00,FR
FRL03,Alpes-Maritimes,4299.00,FR
FRK22,Ardèche,5529.00,FR
FRF21,Ardennes,5229.00,FR
FRJ21,Ariège,4890.00,FR
FRF22,Aube,6004.00,FR
FRJ11,Aude,6139.00,FR
FRJ22,Aveyron,8735.00,FR
FRL04,Bouches-du-Rhône,5087.00,FR
FRD11,Calvados,5535.00,FR
FRK12,Cantal,5726.00,FR
FRI31,Charente,5956.00,FR
FRI32,Charente-Maritime,6864.00,FR
FRB01,Cher,7235.00,FR
FRI21,Corrèze,5857.00,FR
FRC11,Corse-du-Sud,4014.00,FR
FRH01,Haute-Corse,4666.00,FR
FRI22,Côte-d'Or,8763.00,FR
FRI11,Côtes-d'Armor,6878.00,FR
FRC21,Creuse,5565.00,FR
FRK23,Dordogne,9060.00,FR
FRD21,Doubs,5233.00,FR
FRB02,Drôme,6530.00,FR
FRH02,Eure,6040.00,FR
FRM01,Eure-et-Loir,5880.00,FR
FRM02,Finistère,6733.00,FR
FRJ12,Gard,5853.00,FR
FRJ23,Haute-Garonne,6309.00,FR
FRJ24,Gers,6257.00,FR
FRI12,Gironde,9976.00,FR
FRJ13,Hérault,6101.00,FR
FRH03,Ille-et-Vilaine,6775.00,FR
FRB03,Indre,6791.00,FR
FRB04,Indre-et-Loire,6127.00,FR
FRK24,Isère,7432.00,FR
FRC22,Jura,4999.00,FR
FRI13,Landes,9243.00,FR
FRB05,Loir-et-Cher,6343.00,FR
FRK25,Loire,4781.00,FR
FRK13,Haute-Loire,4977.00,FR
FRG01,Loire-Atlantique,6874.00,FR
FRB06,Loiret,6775.00,FR
FRJ25,Lot,5217.00,FR
FRI14,Lot-et-Garonne,5361.00,FR
FRJ14,Lozère,5167.00,FR
FRG02,Maine-et-Loire,7107.00,FR
FRD12,Manche,5952.00,FR
FRF23,Marne,8169.00,FR
FRF24,Haute-Marne,6211.00,FR
FRG03,Mayenne,5175.00,FR
FRF31,Meurthe-et-Moselle,5246.00,FR
FRF32,Meuse,6211.00,FR
FRH04,Morbihan,6823.00,FR
FRF33,Moselle,6216.00,FR
FRC12,Nièvre,6817.00,FR
FRE11,Nord,5743.00,FR
FRE22,Oise,5860.00,FR
FRD13,Orne,6103.00,FR
FRE12,Pas-de-Calais,6671.00,FR
FRK14,Puy-de-Dôme,7970.00,FR
FRI15,Pyrénées-Atlantiques,7645.00,FR
FRJ26,Hautes-Pyrénées,4464.00,FR
FRJ15,Pyrénées-Orientales,4116.00,FR
FRF11,Bas-Rhin,4755.00,FR
FRF12,Haut-Rhin,3525.00,FR
FRK26,Circonscription départementale du Rhône,3249.00,FR
FRC23,Haute-Saône,5360.00,FR
FRC13,Saône-et-Loire,8575.00,FR
FRG04,Sarthe,6206.00,FR
FRK27,Savoie,6028.00,FR
FRK28,Haute-Savoie,4388.00,FR
FR101,Paris,105,FR
FRD22,Seine-Maritime,6278.00,FR
FR102,Seine-et-Marne,5915.00,FR
FR103,Yvelines,2284.00,FR
FRI33,Deux-Sèvres,5999.00,FR
FRE23,Somme,6170.00,FR
FRJ27,Tarn,5758.00,FR
FRJ28,Tarn-et-Garonne,3718.00,FR
FRL05,Var,5973.00,FR
FRL06,Vaucluse,3567.00,FR
FRG05,Vendée,6720.00,FR
FRI34,Vienne,6990.00,FR
FRI23,Haute-Vienne,5520.00,FR
FRF34,Vosges,5874.00,FR
FRC14,Yonne,7427.00,FR
FRC24,Territoire de Belfort,609,FR
FR104,Essonne,1804.00,FR
FR105,Hauts-de-Seine,176,FR
FR106,Seine-Saint-Denis,236,FR
FR107,Val-de-Marne,245,FR
FR108,Val-d'Oise,1246.00,FR
FRY10,Guadeloupe,1628.00,FR
FRY20,Martinique,1128.00,FR
FRY30,Guyane,83534.00,FR
FRY40,La Réunion,2504.00,FR
FRY50,Mayotte,376,FR
00100,Johnson City,3987.6499,US
00200,Morristown,1833.52,US
00301,Middlesborough,1026.4299,US
00302,Knoxville,3347.1499,US
00401,Winston-Salem,2011.04,US
00402,Martinsville,881.2999900000002,US
00500,Greensboro,4472.2798,US
00601,North Wilkesboro,1186.77,US
00602,Galax,1167.36,US
00700,Spartanburg,1971.05,US
00800,Gastonia,1705.2,US
00900,Charlotte,4857.04,US
01001,Boone,862.73999,US
01002,Morganton,1496.62,US
01100,Hickory,1744.55,US
01201,Franklin,896.4500099999998,US
01202,Sylva,1336.62,US
01203,Asheville,2421.9299,US
01204,Andrews,1188.35,US
01301,Bennettsville,1291.14,US
01302,Florence,5498.3301,US
01400,Fayetteville,4009.6201,US
01500,Wilmington,4151.4702,US
01600,Rocky Mount,1423.62,US
01701,Raleigh,5357.3501,US
01702,Henderson,713.6799900000002,US
01800,Goldsboro,2323.3799,US
01900,Jacksonville,5385.6602,US
02000,Virginia Beach,3449.03,US
02100,Washington,5431.0698,US
02200,South Boston,3957.96,US
02300,Lynchburg,2146.8301,US
02400,Richmond,4492.2402,US
02500,Newport News,2764.6499,US
02600,Roanoke Rapids,2687.0698,US
02700,Gulfport,5041.5498,US
02800,Laurel,2828.1399,US
02900,Hattiesburg,2445.0701,US
03001,Kosciusko,1501.39,US
03002,Yazoo City,1365.4,US
03003,Jackson,4991.48,US
03101,McComb,2783.3,US
03102,Brookhaven,1023.98,US
03201,Jena,1401.9199,US
03202,Natchez,2443.05,US
03203,Vicksburg,2298.0901,US
03300,New Orleans,8031.21,US
03400,Houma,5035.9004,US
03500,Baton Rouge,5038.1001,US
03600,Alexandria,2892.3799,US
03700,Lake Charles,6958.1899,US
03800,Lafayette,5932.3599,US
03901,Monroe,4084.1799,US
03902,Lake Providence,802.83997,US
04001,Magnolia,1312.05,US
04002,Shreveport,6604.5303,US
04003,Ruston,2009.6599,US
04004,Many,1011.59,US
04101,Crossett,939.15997,US
04102,Pine Bluff,5085.4399,US
04103,El Dorado,3095.8601,US
04200,Little Rock,4765.2197,US
04301,Stuttgart,2331.1201,US
04302,Searcy,2278.02,US
04401,Corbin,1747.75,US
04402,Richmond,1363.53,US
04501,West Liberty,1511.29,US
04502,Hazard,1907.15,US
04601,Campbellsville,1706.7,US
04602,Somerset,2330.78,US
04701,Greenwood,2098.3,US
04702,Clarksdale,3521.3799,US
04800,Greenville,3250.71,US
04901,Jackson,2387.01,US
04902,Dyersburg,1761.6901,US
04903,Lexington,1293.8101,US
05000,Tupelo,3359.05,US
05100,Corinth,2421.46,US
05201,New Albany,1285.5801,US
05202,Memphis,4063.2,US
05300,West Memphis,3248.3901,US
05401,Bowling Green,2001.15,US
05402,Glasgow,2111.1201,US
05500,Columbia,2498.1699,US
05600,Nashville,4659.1001,US
05700,Tullahoma,1614.13,US
05800,Dickson,2677.7,US
05900,Clarksville,2826.2,US
06000,Huntsville,3307.9102,US
06100,Gadsden,3077.55,US
06200,Florence,3342.6602,US
06301,McMinnville,1417.28,US
06302,Cookeville,1331.42,US
06401,Chattanooga,2500.28,US
06402,Crossville,1927.1,US
06501,Ellijay,823.31,US
06502,Cleveland,2075.8201,US
06600,Rome,3210.3999,US
06700,Tampa,3331.25,US
06800,Lakeland,3754.9299,US
06900,Sarasota,3116.9399,US
07000, Miami,5057.1602,US
07000,Miami,5057.1602,US
07100,Port St. Lucie,6895.5801,US
07200,Cape Coral,3517.0901,US
07300,Palm Bay,2174.22,US
07400,Orlando,4592.5601,US
07500,Deltona,2830.52,US
07600,Jacksonville,5263.8301,US
07700,Lake City,4508.3101,US
07800,Ocala,2436.3398,US
07900,Gainesville,4150.5698,US
08000,Sumter,2529.4299,US
08100,Columbia,4869.3599,US
08201,Barnwell,1928.09,US
08202,Charleston,4295.1602,US
08300,Greenville,4829.9399,US
08401,Augusta,4285.5898,US
08402,Washington,1333.1,US
08501,Fitzgerald,616.78998,US
08502,Cordele,1061.6799,US
08503,Valdosta,3435.53,US
08601,Waycross,3307.26,US
08602,Brunswick,1605.27,US
08701,Hinesville,2330.1299,US
08702,Statesboro,2636.3101,US
08800,Savannah,3192.5901,US
08900,Macon,3117.8101,US
09001,Vidalia,2913.3201,US
09002,Milledgeville,1559.01,US
09003,Dublin,1809.53,US
09100,Atlanta,5368.0103,US
09200,Griffin,1122.5601,US
09301,Athens,1198.09,US
09302,Toccoa,1081.62,US
09400,Gainesville,1812.39,US
09500,Talladega,2799.0801,US
09600,LaGrange,4340.8701,US
09701,Columbus,2492.78,US
09702,Americus,2107.46,US
09800,Auburn,1855.01,US
09900,Tallahassee,6079.6602,US
10000,Panama City,2815.5801,US
10101,Bainbridge,1163.52,US
10102,Thomasville,1012.5,US
10200,Albany,2471.99,US
10301,Eufaula,2513.3501,US
10302,Dothan,2972.29,US
10400,Meridian,3327.1499,US
10501,Columbus,2106.6699,US
10502,Starkville,2331.3601,US
10600,Jasper,3415.77,US
10700,Birmingham,4693.4399,US
10801,Tuscaloosa,4351.6401,US
10802,Demopolis,3477.1699,US
10900,Pensacola,4369.4702,US
11001,Mobile,6919.98,US
11002,Atmore,2840.24,US
11101,Montgomery,3564.6401,US
11102,Troy,2327.01,US
11201,Bluefield,2744.6699,US
11202,Welch,1036.79,US
11203,Big Stone Gap,1183.73,US
11301,Fredericksburg,1429.12,US
11302,Baltimore,2594.8,US
11303,Colonial Beach,1272.01,US
11304,Washington DC,5967.73,US
11304, Washington DC,5967.73,US
11401,Marquette,12346.811000000003,US
11402,Marinette,5374.27,US
11403,Sault Ste. Marie,6710.4902,US
11500,Jackson,2092.3799,US
11600,Detroit,7734.6499,US
11700,Lansing,1714.6499,US
11800,Mount Pleasant,1724.67,US
11900,Saginaw,6223.0098,US
12001,Big Rapids,2868.6602,US
12002,Ludington,2522.8799,US
12100,Kalamazoo,2965.9299,US
12200,Grand Rapids,9266.6904,US
12301,Traverse City,5166.98,US
12302,Petoskey,3158.46,US
12401,Alpena,7949.5498,US
12402,Grayling,3378.0,US
12501,Dayton,4027.99,US
12502,Washington Court House,1377.3101,US
12600,Wayne,784.78003,US
12701,Cincinnati,4057.21,US
12702,Maysville,1302.75,US
12800,Washington,1830.85,US
12901,Lexington,3041.8501,US
12902,Mount Sterling,688.8200099999998,US
12903,Danville,1006.5,US
13000,Elizabethtown,2314.28,US
13101,Louisville,3600.8901,US
13102,Madison,656.48999,US
13103,Bardstown,1072.53,US
13200,Owensboro,2439.1799,US
13300,Findlay,2382.05,US
13400,Lima,2176.77,US
13501,Toledo,3309.0898,US
13502,Defiance,1256.21,US
13600,South Bend,3926.3201,US
13700,Concord,2312.9299,US
13800,Wayne,1346.85,US
13900,Center,1781.29,US
14000,Muncie,2277.3501,US
14100,Fort Wayne,3166.5901,US
14200,Indianapolis,3814.25,US
14300,Columbus,1494.29,US
14400,Terre Haute,2923.0701,US
14500,Lafayette,3865.48,US
14600,Bloomington,2982.9102,US
14700,Evansville,3336.9299,US
14801,Olney,1802.02,US
14802,Vincennes,898.05005,US
14900,Gary,2112.8401,US
15000,Canton,3510.29,US
15100,Lorain,2043.8101,US
15200,Cleveland,5352.48,US
15300,Parkersburg,2311.8401,US
15400,Zanesville,2440.04,US
15500,Weirton,591.51001,US
15600,Wheeling,2042.05,US
15700,Scioto,2589.6099,US
15800,Athens,1856.99,US
15900,Columbus,4559.2998,US
16000,Mansfield,2141.6201,US
16100,State College,3813.01,US
16200,Altoona,3319.3999,US
16300,Pittsburgh,6755.79,US
16400,Youngstown,2638.1001,US
16500,Erie,6717.8198,US
16600,Roanoke,3841.3398,US
16701,Elkins,2745.8,US
16702,Morgantown,2241.71,US
16703,Buckhannon,744.68005,US
16801,Beckley,2670.0,US
16802,Summersville,2066.9199,US
16901,Charleston,3002.8,US
16902,Spencer,764.44995,US
17000,Pikeville,2832.45,US
17100,Huntington,2707.5901,US
17200,Harrisonburg,2395.8201,US
17300,Staunton,3495.72,US
17400,Hagerstown,2441.21,US
17501,Cumberland,2479.73,US
17502,Winchester,1247.86,US
17600,Charlottesville,3325.71,US
17700,Syracuse,6775.6099,US
17800,Oneonta,3382.1099,US
17900,Union,2070.8799,US
18000,Buffalo,9091.7002,US
18100,Elmira,3790.1401,US
18201,Olean,4422.5,US
18202,St. Marys,1230.88,US
18300,Watertown,5968.9502,US
18400,Plattsburgh,4731.8398,US
18500,Amsterdam,2751.1899,US
18600,Albany,5962.6802,US
18700,Sunbury,1259.03,US
18800,Scranton,4199.6401,US
18900,Williamsport,3755.4199,US
19000,Allentown,1114.53,US
19100,Reading,2994.8201,US
19200,Harrisburg,3903.55,US
19300,Poughkeepsie,3821.76,US
19400,New York City,4041.1299,US
19500,Toms River,1581.24,US
19600,Newark,3615.1001,US
19700,Philadelphia,5927.8701,US
19800,Wilmington,911.42004,US
19901,Dover,3701.24,US
19902,Easton,2709.99,US
19903,Chincoteague,2105.5801,US
20001,Bangor,12280.188999999997,US
20002,Calais,3255.1399,US
20003,Presque Isle,6829.1802,US
20100,Portland,11751.39,US
20200,Burlington,3723.3,US
20301,Berlin,3883.6201,US
20302,Claremont,4666.1699,US
20401,Providence,2236.3801,US
20402,Nantucket,303.28,US
20403,Oak Bluffs,491.0,US
20500,Boston,6218.4702,US
20600,Manchester,5759.1802,US
20700,Keene,1527.39,US
20800,Springfield,1904.45,US
20901,Bridgeport,5543.6299,US
20902,Pittsfield,1624.0601,US
21001,Ashland,5614.4302,US
21002,Houghton,8631.2402,US
21003,Ironwood,6137.2002,US
21004,Rhinelander,3300.52,US
21101,Rice Lake,4024.6099,US
21102,Amery,1836.77,US
21201,Hutchinson,1751.2,US
21202,Redwood Falls,1868.55,US
21301,Mankato,2765.3599,US
21302,Owatonna,1381.14,US
21400,St. Cloud,2935.8101,US
21501,Minneapolis,5913.54,US
21502,Pine City,1968.0901,US
21600,Brainerd,8494.2305,US
21701,Rochester,3286.6799,US
21702,Austin,1434.3999,US
21801,Mason City,1951.6799,US
21802,Decorah,2640.01,US
21900,Marshalltown,2614.6799,US
22001,Waterloo,3400.6299,US
22002,Iowa Falls,1153.05,US
22100,Iowa City,2642.99,US
22200,Cedar Rapids,2607.27,US
22300,Ottumwa,4026.46,US
22400,Sheboygan,2764.9199,US
22500,Appleton,4169.4199,US
22601,Green Bay,5219.2002,US
22602,Shawano,2162.3601,US
22700,Wausau,7007.8301,US
22800,Eau Claire,5892.7202,US
22900,La Crosse,3578.0999,US
23000,Monroe,3001.97,US
23100,Madison,4704.79,US
23200,Dubuque,3266.1001,US
23301,Charleston,1986.25,US
23302,Douglas,2619.02,US
23400,Bloomington,2637.0,US
23500,Decatur,4039.76,US
23600,Burlington,3127.0,US
23700,Galesburg,2735.6699,US
23801,Davenport,2602.1699,US
23802,Clinton,1360.0701,US
23900,Peoria,4987.2998,US
24000,Kenosha,2849.1499,US
24100,Milwaukee,4812.4199,US
24200,Bourbonnais,1799.6,US
24300,Chicago,6077.6899,US
24400,Rockford,4656.6299,US
24500,Rolla,3324.8,US
24600,Farmington,3257.9199,US
24701,St. Louis,6195.3301,US
24702,Mexico,1238.8,US
24801,Jacksonville,2503.8999,US
24802,Springfield,2527.26,US
24900,Edwardsville,3361.26,US
25000,Quincy,3843.8701,US
25101,Mountain Home,1982.29,US
25102,West Plains,4523.7798,US
25103,Harrison,2735.99,US
25104,Heber Springs,1925.78,US
25105,Batesville,1962.1001,US
25200,Henderson,2696.29,US
25300,Union City,2177.24,US
25401,Paducah,2040.08,US
25402,Murray,410.81,US
25500,Centralia,2662.98,US
25601,Carbondale,3749.4199,US
25602,Harrisburg,896.9500099999998,US
25701,Cape Girardeau,3589.5901,US
25702,Poplar Bluff,2613.9102,US
25800,Blytheville,1979.38,US
25900,Jonesboro,3946.1001,US
26001,Roseau,3453.5601,US
26002,Duluth,12206.979,US
26003,West Cook,3339.29,US
26004,International Falls,3154.3501,US
26101,Moberly,2472.98,US
26102,Marshall,2005.48,US
26103,Brookfield,1389.8,US
26104,Trenton,893.2199699999999,US
26105,Polk,1171.1799,US
26106,Centerville,1477.72,US
26107,Kirksville,1823.62,US
26201,Bismarck,7785.5,US
26202,East Grant,1666.02,US
26203,Linton,3561.0801,US
26204,Steele,1433.3,US
26301,Devils Lake,3749.1201,US
26302,Carrington,1291.01,US
26303,Turtle Mountain,1981.01,US
26304,Minot,6558.1299,US
26305,Rugby,3378.79,US
26401,Ekalaka,6026.0498,US
26402,Baker,1623.0601,US
26403,Bowman,2386.3,US
26404,Lemmon,5013.52,US
26405,Scobey,1426.5699,US
26406,Wolf Point,5052.54,US
26407,Plentywood,1706.38,US
26408,Glasgow,10274.301,US
26409,Glendive,4275.75,US
26410,Dickinson,4576.3999,US
26411,Sidney,6905.29,US
26412,Williston,4571.6499,US
26501,Brookings,2189.6799,US
26502,Madison,1147.13,US
26503,Sioux Falls,3003.8201,US
26504,Watertown,2859.75,US
26601,Milbank,1801.87,US
26602,Sisseton,3112.3801,US
26603,East Corson,3657.8901,US
26604,Mobridge,1515.64,US
26605,Aberdeen,6550.46,US
26701,Bemidji,7113.1802,US
26702,Grafton,5029.71,US
26703,Thief River Falls,2863.71,US
26704,Grand Forks,5015.9302,US
26801,Fargo,5895.1001,US
26802,Lisbon,2873.0901,US
26803,Jamestown,4962.5601,US
26804,Cooperstown,716.21002,US
26901,Fergus Falls,4812.8101,US
26902,Little Falls,2675.78,US
27001,O'Neill,3538.05,US
27002,Ord,2283.7,US
27003,Ainsworth,3011.27,US
27004,Winner,2671.02,US
27005,Yankton,2999.6399,US
27006,Mitchell,2155.3101,US
27007,Huron,1797.6001,US
27008,Parkston,2398.8801,US
27009,Chamberlain,3041.2,US
27010,Miller,2307.0,US
27011,Pierre,3387.8301,US
27012,Gettysburg,898.4699699999999,US
27101,Willmar,3743.76,US
27102,Marshall,2218.99,US
27201,Sioux Center,1929.63,US
27202,Worthington,3209.8899,US
27301,Spencer,2520.1799,US
27302,Fairmont,1853.63,US
27401,Storm Lake,2168.1599,US
27402,Fort Dodge,3465.3999,US
27501,Des Moines,4629.9702,US
27502,Creston,1930.05,US
27503,Atlantic,1600.03,US
27504,Carroll,1856.47,US
27601,Rapid City,12642.359,US
27602,Eagle Butte,4417.04,US
27603,Southwest Jackson,3698.78,US
27604,Murdo,971.75,US
27605,Mission,2700.8701,US
27701,Scottsbluff,7468.1699,US
27702,Cheyenne,4836.75,US
27703,Torrington,4343.3301,US
27704,Gordon,5757.54,US
27801,Norfolk,2439.97,US
27802,Columbus,2827.55,US
27901,Hastings,1712.79,US
27902,York,1593.83,US
27903,Grand Island,2169.1699,US
28001,Sioux City,4101.1299,US
28002,West Point,1467.97,US
28101,Lincoln,3434.0701,US
28102,Nebraska City,2396.8201,US
28201,Red Oak,2437.28,US
28202,Omaha,4950.5898,US
28301,Sterling,7426.25,US
28302,Ogallala,2984.6499,US
28303,Oshkosh,1731.15,US
28304,Valentine,8233.04,US
28305,Broken Bow,4004.29,US
28306,North Platte,4006.51,US
28401,Colorado Springs,4962.71,US
28402,Limon,2586.5601,US
28501,Springfield,2557.24,US
28502,Pueblo,7653.7603,US
28503,Trinidad,6369.1001,US
28504,Burlington,5729.0801,US
28601,Oberlin,1964.02,US
28602,Norton,881.4199800000001,US
28603,Phillipsburg,1791.4,US
28604,Colby,4116.3501,US
28605,Goodland,1970.2,US
28606,Wano,1941.73,US
28607,McCook,3047.76,US
28608,Kearney,2639.25,US
28609,Lexington,4297.5698,US
28701,Salida,1015.07,US
28702,Glenwood Springs,6624.4702,US
28703,Granby,1869.7,US
28704,Laramie,5930.0801,US
28800,Fort Collins,7949.73,US
28900,Denver,9139.1504,US
29001,Pratt,2594.73,US
29002,Coldwater,789.75,US
29003,Dodge City,3806.3,US
29004,Great Bend,3790.45,US
29005,Hutchinson,2723.1299,US
29006,Hays,2698.6401,US
29007,Township 11,1794.12,US
29008,Center,1792.5499,US
29101,Concordia,2353.3799,US
29102,Superior,1151.36,US
29103,Beloit,1612.96,US
29104,Salina,2163.23,US
29201,Hiawatha,1291.6599,US
29202,Marysville,1803.29,US
29203,Manhattan,4099.2402,US
29204,Topeka,3764.8799,US
29301,Wichita,5310.5801,US
29302,Newton,2395.4199,US
29303,Winfield,3580.6101,US
29401,Ottawa,2171.79,US
29402,Emporia,2287.8999,US
29403,Bartlesville,3463.0601,US
29501,Leavenworth,903.41998,US
29502,Kansas City,6884.7998,US
29503,St. Joseph,3096.3999,US
29504,Sedalia,2873.49,US
29505,Polk,1894.29,US
29506,Bethany,1485.11,US
29601,Columbia,4010.7,US
29602,Eldon,1922.8201,US
29700,Springfield,5698.7603,US
29800,Monett,2566.8601,US
29901,Joplin,3577.8699,US
29902,Center,2438.77,US
30000,Russellville,3813.78,US
30100,Fort Smith,7103.8999,US
30200,Muskogee,2905.01,US
30300,Fayetteville,4002.1299,US
30401,Stillwater,1439.6799,US
30402,Tulsa,8149.7598,US
30403,Okmulgee,1331.3,US
30501,Woodward,3519.0498,US
30502,Enid,7140.5098,US
30601,El Paso,9401.8896,US
30602,Alamogordo,11459.48,US
30603,Truth or Consequences,4236.5898,US
30604,Deming,10379.49,US
30605,Van Horn,3812.9399,US
30701,Roswell,10273.4,US
30702,Santa Rosa,5365.8301,US
30801,Hobbs,7587.9902,US
30802,Lubbock,5276.1401,US
30901,Clovis,4748.0898,US
30902,Littlefield,2744.6201,US
30903,Amarillo,5758.29,US
30904,Pampa,4584.8198,US
30905,Wellington,1834.87,US
30906,Memphis,2738.8601,US
30907,Matador,989.87,US
30908,Plainview,2898.1699,US
31001,Garden City,3749.6699,US
31002,Ulysses,1983.0,US
31003,Scott City,2214.3401,US
31004,Liberal,3437.95,US
31005,Perryton,2770.8999,US
31006,Guymon,5543.5,US
31007,Dumas,3878.3501,US
31101,Victoria,5518.5698,US
31102,La Grange,1933.6,US
31103,Gonzales,1069.91,US
31201,Austin,6651.2803,US
31202,Burnet,1986.4299,US
31301,San Antonio,9606.9902,US
31302,Beeville,1633.97,US
31303,Kerrville,2169.3398,US
31304,Mason,932.26001,US
31401,Midland,6248.1499,US
31402,Pecos,4996.1099,US
31403,Fort Stockton,7572.7695,US
31404,Alpine,12314.53,US
31501,Crystal City,2636.3999,US
31502,Pearsall,2628.75,US
31503,Laredo,5570.0898,US
31600,Brownsville,4872.8501,US
31700,Corpus Christi,9864.3096,US
31800,College Station,2935.1799,US
31900,Pearland,4304.3799,US
32000,Houston,9086.5801,US
32100,Beaumont,6343.2402,US
32201,Huntsville,4089.48,US
32202,Nacogdoches,2984.9099,US
32301,San Angelo,5754.7002,US
32302,Brady,3124.3999,US
32303,Junction,2153.3401,US
32304,Uvalde,5833.4497,US
32305,Del Rio,6956.04,US
32306,Eagle Pass,1291.84,US
32401,Big Spring,4789.6299,US
32402,Sweetwater,1815.8301,US
32403,Snyder,2726.5601,US
32501,Abilene,5527.0303,US
32502,Childress,1615.3199,US
32503,Haskell,4504.7803,US
32601,Wichita Falls,2675.1199,US
32602,Graham,2766.6201,US
32603,Seymour,901.08002,US
32604,Vernon,2382.95,US
32701,Brownwood,4126.8599,US
32702,Stephenville,2874.0701,US
32801,Waco,3822.5601,US
32802,Corsicana,3992.1599,US
32900,Killeen,2858.02,US
33000,Fort Worth,6017.7803,US
33100,Dallas,5558.6797,US
33200,Paris,4201.9199,US
33300,Tyler,5594.1401,US
33400,Longview,3964.78,US
33500,Texarkana,4268.04,US
33601,Lawton,3390.97,US
33602,Altus,3017.27,US
33603,Frederick,879.2899800000001,US
33700,Ardmore,3689.76,US
33801,Elk City,4061.9302,US
33802,Chickasha,2395.79,US
33803,Oklahoma City,6816.8301,US
33901,Ada,3051.5601,US
33902,Sherman,2821.97,US
34001,Hot Springs,5611.25,US
34002,Idabel,5568.8799,US
34101,Sand Point,15011.77,US
34102,Anchorage,48858.25,US
34103,Valdez,43515.672,US
34104,Bristol Bay,917.60999,US
34105,Kotzebue,40660.961,US
34106,Nome,28276.17,US
34107,Dillingham,49621.359,US
34108,Kodiak,11845.9,US
34109,Juneau,5835.2202,US
34110,Sitka,4849.75,US
34111,Ketchikan,1743.55,US
34112,Bethel,65634.672,US
34113,Barrow,93823.102,US
34114,Unalaska,14114.7,US
34115,Fairbanks,192675.08,US
34201,Havre,8602.2305,US
34202,Shelby,6622.77,US
34203,Great Falls,10872.188999999997,US
34204,Lewistown,6024.5596,US
34301,Cody,10127.95,US
34302,Worland,4249.1699,US
34303,Riverton,9266.21,US
34304,Sheridan,11716.72,US
34305,Miles City,5535.98,US
34306,Jordan,4847.6602,US
34307,Colstrip,9309.1201,US
34308,Billings,9563.4404,US
34309,Harlowton,3823.2402,US
34401,Dillon,5572.3501,US
34402,Bozeman,10910.609,US
34403,Helena,6395.46,US
34404,Butte,5526.1401,US
34501,Bonners Ferry,1278.2,US
34502,Libby,3675.22,US
34503,Kalispell,9700.5303,US
34504,Missoula,6242.21,US
34601,Gillette,10072.43,US
34602,Rawlins,7964.4399,US
34603,Casper,9641.2002,US
34604,Lusk,2627.99,US
34701,Honolulu,2126.98,US
34702,Kauai,1266.45,US
34703,Maui,2451.2002,US
34801,Las Vegas,10437.89,US
34802,Santa Fe,10121.6,US
34803,Tucumcari,5008.0801,US
34804,Clayton,3831.0,US
34805,Alamosa,8206.54,US
34901,Albuquerque,13839.88,US
34902,Socorro,13578.551,US
35001,Phoenix,19395.49,US
35002,Safford,6490.0205,US
35100,Tucson,16646.98,US
35201,Grand Junction,8563.4004,US
35202,Gunnison,4383.1602,US
35300,Farmington,8981.7002,US
35401,Flagstaff,30899.5,US
35402,Cortez,11041.86,US
35500,Gallup,26635.01,US
35600,Hawaii,5086.9702,US
35701,Twin Falls,8210.4902,US
35702,Burley,3343.48,US
35801,Boise,14934.28,US
35802,Ontario,11814.3,US
35803,McCall,5103.96,US
35901,St. George,8324.6201,US
35902,Price,7549.23,US
35903,Moab,3694.3,US
35904,Richfield,7892.7202,US
35905,Loa,2466.6101,US
36000,Provo,12376.029,US
36100,Salt Lake City,13090.8,US
36200,Logan,9772.71,US
36301,Pocatello,14084.89,US
36302,Salmon,9506.5996,US
36303,Jackson,4672.5601,US
36401,Steamboat Springs,10342.5,US
36402,Vernal,7755.5,US
36403,Soda Springs,2848.22,US
36404,Rock Springs,23414.051,US
36501,Klamath Falls,21408.23,US
36502,Burns,10227.05,US
36503,Lakeview,8359.0303,US
36600,Redding,6809.9102,US
36700,Eureka,7260.3101,US
36800,Medford,4443.6001,US
36901,Crescent City,3218.48,US
36902,Roseburg,6940.5098,US
37000,Modesto,7224.23,US
37100,Bakersfield,8162.0298,US
37200,Fresno,14402.271,US
37300,Chico,5413.1997,US
37400,Sacramento,10833.04,US
37500,San Jose,7074.1699,US
37601,Elko,35801.098,US
37602,Winnemucca,15726.311000000003,US
37603,Portola,3575.78,US
37604,Reno,14011.28,US
37700,Santa Rosa,6976.4399,US
37800,San Francisco,5119.8101,US
37901,Las Vegas,53947.891,US
37902,Mineral,3813.1699,US
37903,Mammoth Lakes,13359.64,US
38000,San Diego,4525.9199,US
38100,Yuma,10001.4,US
38200,Santa Barbara,7405.29,US
38300,Los Angeles,39832.449,US
38401,Lewiston,13686.141,US
38402,Pullman,3254.55,US
38501,Moses Lake,4721.1001,US
38502,Wenatchee,4842.6104,US
38601,Spokane,12200.9,US
38602,Colville,10113.5,US
38700,Longview,5986.0801,US
38801,Portland,6099.8398,US
38802,The Dalles,5664.6401,US
38901,Eugene,10368.08,US
38902,Newport,2526.75,US
39000,Yakima,6645.0195,US
39100,Kennewick,10478.34,US
39201,La Grande,5127.0103,US
39202,Enterprise,3151.78,US
39203,Bend,7833.7803,US
39204,Condon,2938.46,US
39205,John Day,4529.5298,US
39301,Friday Harbor,621.09003,US
39302,Bellingham,2503.6399,US
39303,Port Angeles,4854.1699,US
39400,Seattle,13575.03,US
